<?xml version="1.0"?>
<InstalledPackage xmlns:xsi="http://www.w3.org/2001/XMLSchema-instance" xmlns:xsd="http://www.w3.org/2001/XMLSchema">
  <Name>TAR32.DLL</Name>
  <Version>2.42</Version>
  <Summary>種々のunixで使われる書庫(.tar,.tgz,.tbz,.cpio,.deb,.rpm)の圧縮/展開</Summary>
  <Url Href="http://www.madobe.net/archiver/lib/tar32.html" />
  <Type>archive</Type>
  <ArchivedInstaller>false</ArchivedInstaller>
  <VersionInfoKey xsi:nil="true" />
  <System32CopyFiles>*.dll</System32CopyFiles>
  <Installer>
    <Url Href="http://homepage3.nifty.com/csdinc/archiver/lib/tar32242.zip" />
    <Hash Type="size">928802</Hash>
    <Hash Type="md5">3db3af205c859592c7ca5ff83c0163f0</Hash>
    <Hash Type="sha256">aad7b5f0f114f3c43e6514ac75e023a8ff93dff4d4f57e99effa01f7392db3dd</Hash>
  </Installer>
  <Requires xsi:nil="true" />
  <Conflicts xsi:nil="true" />
  <Tags>dll archiver アーカイバDLL</Tags>
  <PackageListName>AppliStation Network</PackageListName>
  <UninstallInfo>
    <DisplayName>TAR32.DLL</DisplayName>
    <DisplayVersion>2.42</DisplayVersion>
    <UninstallString>archive-inst -x "TAR32.DLL"</UninstallString>
    <URLInfoAbout>http://www.madobe.net/archiver/lib/tar32.html</URLInfoAbout>
    <CanModify>false</CanModify>
    <CanRepair>false</CanRepair>
    <CanRemove>true</CanRemove>
    <IsSystemComponent>false</IsSystemComponent>
    <IsOSPatch>false</IsOSPatch>
    <WindowsInstaller>false</WindowsInstaller>
    <InstallLocation>C:\work\tmp\AppliStation\progs\TAR32.DLL</InstallLocation>
    <EstimatedSize>2761</EstimatedSize>
    <InstallDate>20121013</InstallDate>
  </UninstallInfo>
</InstalledPackage>