<?xml version="1.0"?>
<InstalledFileList xmlns:xsi="http://www.w3.org/2001/XMLSchema-instance" xmlns:xsd="http://www.w3.org/2001/XMLSchema">
  <Entry>
    <Path>history.txt</Path>
    <Hash Type="sha1">B1F5368CA7B799553BB3999C9C8812AE243BCACE</Hash>
  </Entry>
  <Entry>
    <Path>minitar.exe</Path>
    <Hash Type="sha1">DA1C4F8D58C95376CFB6DC957A649D5767852E03</Hash>
  </Entry>
  <Entry>
    <Path>tar32.dll</Path>
    <Hash Type="sha1">70CD8E7ADEFBA6F03B2EEDFF27C7E00206F1DC3B</Hash>
  </Entry>
  <Entry>
    <Path>tar32.exp</Path>
    <Hash Type="sha1">CF208D18415D89EF5691B04608AD50E3661F262A</Hash>
  </Entry>
  <Entry>
    <Path>tar32.lib</Path>
    <Hash Type="sha1">712FC769735FB57BA89C201BE5A5FEC840633BAB</Hash>
  </Entry>
  <Entry>
    <Path>tar32_2.txt</Path>
    <Hash Type="sha1">FCCB76B41685AC95217A086904E7D0E2F63709A2</Hash>
  </Entry>
  <Entry>
    <Path>vc5\CVS\Entries</Path>
    <Hash Type="sha1">39E0574A4ABFD646565A3E436C548EEB1684FB57</Hash>
  </Entry>
  <Entry>
    <Path>vc5\CVS\Repository</Path>
    <Hash Type="sha1">3CAB4B1EC2A83A71383CAE6B80C045137E3DB59C</Hash>
  </Entry>
  <Entry>
    <Path>vc5\CVS\Root</Path>
    <Hash Type="sha1">187A711BD593B07C1C1486C66CD80F22B710E8CD</Hash>
  </Entry>
  <Entry>
    <Path>src\ar.h</Path>
    <Hash Type="sha1">05EA5BF83D459D92719E0EE6A0B4924959E3865A</Hash>
  </Entry>
  <Entry>
    <Path>src\arcbz2.cpp</Path>
    <Hash Type="sha1">B58DB3DC574FEC3CA7DE90E29049FAFE8C0A65CF</Hash>
  </Entry>
  <Entry>
    <Path>src\arcbz2.h</Path>
    <Hash Type="sha1">DF31707E55D5092C00BCDD926DE8CAF864D6C390</Hash>
  </Entry>
  <Entry>
    <Path>src\arcfile.cpp</Path>
    <Hash Type="sha1">3636620001FE2FD9029BB69ED30D09F77AB3BB13</Hash>
  </Entry>
  <Entry>
    <Path>src\arcfile.h</Path>
    <Hash Type="sha1">02BA00A8A7A308FEDEFBACA5FE74D714B1FAE739</Hash>
  </Entry>
  <Entry>
    <Path>src\arcgz.cpp</Path>
    <Hash Type="sha1">A8E0598385F859956DE06957CD657584C6B016BC</Hash>
  </Entry>
  <Entry>
    <Path>src\arcgz.h</Path>
    <Hash Type="sha1">BBA612FE2A72A36BCD475FA3707CB2E3888D7D1C</Hash>
  </Entry>
  <Entry>
    <Path>src\arclzma.cpp</Path>
    <Hash Type="sha1">86F2652B106EB6621FCD2DDF262909364E0540E7</Hash>
  </Entry>
  <Entry>
    <Path>src\arclzma.h</Path>
    <Hash Type="sha1">7019222630A1832BE56884454148ADAB68BB925E</Hash>
  </Entry>
  <Entry>
    <Path>src\arcz.cpp</Path>
    <Hash Type="sha1">C885DE714AC799C6FAFC6820F5B76ACAE2DFDB8F</Hash>
  </Entry>
  <Entry>
    <Path>src\arcz.h</Path>
    <Hash Type="sha1">5A48DE3CCE1F4CCB9BC56940C2067B06AD535A45</Hash>
  </Entry>
  <Entry>
    <Path>src\Cmdline.cpp</Path>
    <Hash Type="sha1">608AAF9E6D3ED9CC38DF28F7D92B97A1EE74C5A9</Hash>
  </Entry>
  <Entry>
    <Path>src\Cmdline.h</Path>
    <Hash Type="sha1">EDCEE917EC49888E80ACAB225C7F297DC6AAF2DD</Hash>
  </Entry>
  <Entry>
    <Path>src\cpio.h</Path>
    <Hash Type="sha1">293506C52B717E739AED651133EDCB5C9E3A1532</Hash>
  </Entry>
  <Entry>
    <Path>src\dlg.cpp</Path>
    <Hash Type="sha1">7746F2AB6D73C2259947D746BC5C93383448F50A</Hash>
  </Entry>
  <Entry>
    <Path>src\dlg.h</Path>
    <Hash Type="sha1">E9B9464B71ABDF390B091303075703D261226814</Hash>
  </Entry>
  <Entry>
    <Path>src\fast_stl.h</Path>
    <Hash Type="sha1">8DF2B7890D9C57790C95DC15EF6EBE9B05C6CB98</Hash>
  </Entry>
  <Entry>
    <Path>src\Minitar.c</Path>
    <Hash Type="sha1">E8E87292C943B87EF4648C44F4EC0977B0A6328D</Hash>
  </Entry>
  <Entry>
    <Path>src\minitar.dsp</Path>
    <Hash Type="sha1">939E3F67AB941787A482F33C370E5B8BE3DA2327</Hash>
  </Entry>
  <Entry>
    <Path>src\minitar.vcproj</Path>
    <Hash Type="sha1">4F848B66512EDC91F44837183D20BF30AF0CA998</Hash>
  </Entry>
  <Entry>
    <Path>src\normal.cpp</Path>
    <Hash Type="sha1">9D6CCA7130292101107663A4D954F46ED94CEAC4</Hash>
  </Entry>
  <Entry>
    <Path>src\normal.h</Path>
    <Hash Type="sha1">FC7C74AE1E027FC8F663BEF494848F49BB2B138E</Hash>
  </Entry>
  <Entry>
    <Path>src\rpm.cpp</Path>
    <Hash Type="sha1">A287B4C55EC75F17EC2CDAEEDAFEC8DCC6C81403</Hash>
  </Entry>
  <Entry>
    <Path>src\rpm.h</Path>
    <Hash Type="sha1">C7B08B7D2B16B313E9486C1134DDC0BF8E9FCCB9</Hash>
  </Entry>
  <Entry>
    <Path>src\stdafx.cpp</Path>
    <Hash Type="sha1">93C3AE4D1BF237D80D9EA1CDDF796C70247121AB</Hash>
  </Entry>
  <Entry>
    <Path>src\stdafx.h</Path>
    <Hash Type="sha1">7B1A17AEB29F868FF1084C015B8B2F76D066B257</Hash>
  </Entry>
  <Entry>
    <Path>src\susie.cpp</Path>
    <Hash Type="sha1">94FD4395F2959B98EFC6F1DD64E53C5096C2A812</Hash>
  </Entry>
  <Entry>
    <Path>src\tar.h</Path>
    <Hash Type="sha1">38DB327656CC2EE41E205AAA7ED3F89AA54FD0B1</Hash>
  </Entry>
  <Entry>
    <Path>src\tar32.cpp</Path>
    <Hash Type="sha1">32A068FEDA695E1989CCE5FA650B211A1BB74BB1</Hash>
  </Entry>
  <Entry>
    <Path>src\Tar32.def</Path>
    <Hash Type="sha1">0B102F8EBD50AD196CF7BD251A10B2427A57FD6F</Hash>
  </Entry>
  <Entry>
    <Path>src\tar32.dsp</Path>
    <Hash Type="sha1">20F3C3E9DE3FBCFCBC97D8A13B4BF5F6FF142902</Hash>
  </Entry>
  <Entry>
    <Path>src\tar32.dsw</Path>
    <Hash Type="sha1">3E8450EC91D2BC6736270B13FF355C6E738419AA</Hash>
  </Entry>
  <Entry>
    <Path>src\tar32.h</Path>
    <Hash Type="sha1">D9C5055F0CEFA9804A9D52E8A9CFAD18028A13E9</Hash>
  </Entry>
  <Entry>
    <Path>src\tar32.rc</Path>
    <Hash Type="sha1">6D0DB79ABF6A59C3E577F416185645BF0BAE26F7</Hash>
  </Entry>
  <Entry>
    <Path>src\tar32.sln</Path>
    <Hash Type="sha1">F29A5DA744827BEB33C17CE8B93F6A8B0EC26ED3</Hash>
  </Entry>
  <Entry>
    <Path>src\tar32.vcproj</Path>
    <Hash Type="sha1">1E1F6E0F5CE7B93D2335C53465FC8C9FA5782746</Hash>
  </Entry>
  <Entry>
    <Path>src\tar32api.cpp</Path>
    <Hash Type="sha1">779A6EC252002B44EB4ADF2F5895289065423C94</Hash>
  </Entry>
  <Entry>
    <Path>src\tar32api.h</Path>
    <Hash Type="sha1">946278A047D3D11FF34740B9A529DE7CDE7D0341</Hash>
  </Entry>
  <Entry>
    <Path>src\tar32dll.cpp</Path>
    <Hash Type="sha1">87D86980CB292526EF4DC405D9D7125F2ABB8185</Hash>
  </Entry>
  <Entry>
    <Path>src\tar32dll.h</Path>
    <Hash Type="sha1">C4822EA874C8E42C6D716C326A68F103737FE9B1</Hash>
  </Entry>
  <Entry>
    <Path>src\tar32res.h</Path>
    <Hash Type="sha1">0ACECD931DAFD8D6F666CF7D2BD839F02AC502DD</Hash>
  </Entry>
  <Entry>
    <Path>src\tarcmd.cpp</Path>
    <Hash Type="sha1">AB511C58A342BF9C63796688A87815D1ED532155</Hash>
  </Entry>
  <Entry>
    <Path>src\tarcmd.h</Path>
    <Hash Type="sha1">3C98FD02BB02AFB1057C547BE60CFB92EEE2D92D</Hash>
  </Entry>
  <Entry>
    <Path>src\util.cpp</Path>
    <Hash Type="sha1">4C0D447160AD966852253DBEC0F74995450F62B5</Hash>
  </Entry>
  <Entry>
    <Path>src\util.h</Path>
    <Hash Type="sha1">CCF08EA333C8C20A51B4E3D35813A1859BF492D8</Hash>
  </Entry>
  <Entry>
    <Path>src\zlib\zconf.h</Path>
    <Hash Type="sha1">3D59517C2AB19FC3893D0AC16D5527CE4061AB0C</Hash>
  </Entry>
  <Entry>
    <Path>src\zlib\zlib.h</Path>
    <Hash Type="sha1">BC6D7B1E9E418EF59A4DA422101E424173327602</Hash>
  </Entry>
  <Entry>
    <Path>src\zlib\zlibstat.lib</Path>
    <Hash Type="sha1">0922F3133B0E16B8BD8A3D4315B1062B07A938A4</Hash>
  </Entry>
  <Entry>
    <Path>src\zlib\zlibstatd.lib</Path>
    <Hash Type="sha1">4ED6D6FA3A786E81BEF3AE9DC2BCFCCB15CCAA68</Hash>
  </Entry>
  <Entry>
    <Path>src\zlib\CVS\Entries</Path>
    <Hash Type="sha1">A9E6DEDB0940602D5F2B75598EB5665C943EE3D1</Hash>
  </Entry>
  <Entry>
    <Path>src\zlib\CVS\Repository</Path>
    <Hash Type="sha1">FC64853079CC692A747A31EA149A9B891822A6A0</Hash>
  </Entry>
  <Entry>
    <Path>src\zlib\CVS\Root</Path>
    <Hash Type="sha1">187A711BD593B07C1C1486C66CD80F22B710E8CD</Hash>
  </Entry>
  <Entry>
    <Path>src\lzma\liblzma.lib</Path>
    <Hash Type="sha1">6DF291E0C708A65CCDC89CC9D1A34A1F7428BAA7</Hash>
  </Entry>
  <Entry>
    <Path>src\lzma\lzma.h</Path>
    <Hash Type="sha1">0EC0C3DC6425217B8F2C7A5E53915B6ADFE0C792</Hash>
  </Entry>
  <Entry>
    <Path>src\lzma\lzma\base.h</Path>
    <Hash Type="sha1">E3985B358A3270459AB02A3F29FFAF5520116CEF</Hash>
  </Entry>
  <Entry>
    <Path>src\lzma\lzma\bcj.h</Path>
    <Hash Type="sha1">04CC53C16801CE951F394038A9D53538F8F04FBB</Hash>
  </Entry>
  <Entry>
    <Path>src\lzma\lzma\block.h</Path>
    <Hash Type="sha1">7BD15D9DEA4EBFB5D90877A8F0B1592E1DD640DC</Hash>
  </Entry>
  <Entry>
    <Path>src\lzma\lzma\check.h</Path>
    <Hash Type="sha1">D13470B3FA884E86E8FBF25812D6CC3381E1878F</Hash>
  </Entry>
  <Entry>
    <Path>src\lzma\lzma\container.h</Path>
    <Hash Type="sha1">953FB537264454075A77F5F4E96D8A92C5032984</Hash>
  </Entry>
  <Entry>
    <Path>src\lzma\lzma\delta.h</Path>
    <Hash Type="sha1">E6AEB86576E0284AE666750F9008B31755ACFD54</Hash>
  </Entry>
  <Entry>
    <Path>src\lzma\lzma\filter.h</Path>
    <Hash Type="sha1">416A901F670B3A3E4269F0954328D0F95A5FFCBF</Hash>
  </Entry>
  <Entry>
    <Path>src\lzma\lzma\hardware.h</Path>
    <Hash Type="sha1">5F4C264930F17C147844C824C75FCE04F7613228</Hash>
  </Entry>
  <Entry>
    <Path>src\lzma\lzma\index.h</Path>
    <Hash Type="sha1">A1EF9FDB70BE8D402CB083102334AE4EF432D7DE</Hash>
  </Entry>
  <Entry>
    <Path>src\lzma\lzma\index_hash.h</Path>
    <Hash Type="sha1">52732AE7C2BA4FC72B0305A3C02075CB4FFE428B</Hash>
  </Entry>
  <Entry>
    <Path>src\lzma\lzma\lzma.h</Path>
    <Hash Type="sha1">00EA6F015DD381F1756A1DA82B6005A539108A26</Hash>
  </Entry>
  <Entry>
    <Path>src\lzma\lzma\stream_flags.h</Path>
    <Hash Type="sha1">2CF51C2194784B741C59B549CE88DA7203CAB83D</Hash>
  </Entry>
  <Entry>
    <Path>src\lzma\lzma\version.h</Path>
    <Hash Type="sha1">D9C032B74B785A96DB234E50481418BA14B83C65</Hash>
  </Entry>
  <Entry>
    <Path>src\lzma\lzma\vli.h</Path>
    <Hash Type="sha1">681E0C4DB7CB337C4DE75A4846D982BD1AD15338</Hash>
  </Entry>
  <Entry>
    <Path>src\lzma\lzma\CVS\Entries</Path>
    <Hash Type="sha1">4B033BDCA9ED60765683FFEFE6741E90D6832E9D</Hash>
  </Entry>
  <Entry>
    <Path>src\lzma\lzma\CVS\Repository</Path>
    <Hash Type="sha1">72A4D1B2958029443481D71F47A6A393C75169DF</Hash>
  </Entry>
  <Entry>
    <Path>src\lzma\lzma\CVS\Root</Path>
    <Hash Type="sha1">187A711BD593B07C1C1486C66CD80F22B710E8CD</Hash>
  </Entry>
  <Entry>
    <Path>src\lzma\CVS\Entries</Path>
    <Hash Type="sha1">7EA1F257FF71372815117AB88E8FA91B9FF48385</Hash>
  </Entry>
  <Entry>
    <Path>src\lzma\CVS\Entries.Log</Path>
    <Hash Type="sha1">0723F54782978FF2F703647FAF9F4B731DDC8221</Hash>
  </Entry>
  <Entry>
    <Path>src\lzma\CVS\Repository</Path>
    <Hash Type="sha1">56EA8E133722ABC5109A85E9E9B346FCE5AD2000</Hash>
  </Entry>
  <Entry>
    <Path>src\lzma\CVS\Root</Path>
    <Hash Type="sha1">187A711BD593B07C1C1486C66CD80F22B710E8CD</Hash>
  </Entry>
  <Entry>
    <Path>src\CVS\Entries</Path>
    <Hash Type="sha1">B53D5049858E4C4C98B2140C3E5C84FBA7DA5944</Hash>
  </Entry>
  <Entry>
    <Path>src\CVS\Entries.Log</Path>
    <Hash Type="sha1">067C3503DDA89163B86AB18B9877F78E6C55C4C2</Hash>
  </Entry>
  <Entry>
    <Path>src\CVS\Repository</Path>
    <Hash Type="sha1">5B8F1B1FE9DC6CF3BA2ECC9D4C1E6D9BCCD125DF</Hash>
  </Entry>
  <Entry>
    <Path>src\CVS\Root</Path>
    <Hash Type="sha1">187A711BD593B07C1C1486C66CD80F22B710E8CD</Hash>
  </Entry>
  <Entry>
    <Path>src\bzip2\bzlib.h</Path>
    <Hash Type="sha1">63CCCAEC02CA4B4340EDC05FCEB296BCAC6432DE</Hash>
  </Entry>
  <Entry>
    <Path>src\bzip2\libbz2.lib</Path>
    <Hash Type="sha1">EF7CF56DB5386FD07435D5D2457C1A37E1D80E89</Hash>
  </Entry>
  <Entry>
    <Path>src\bzip2\CVS\Entries</Path>
    <Hash Type="sha1">73425406DAE38FDF6BA7022DEC93356EDE376C74</Hash>
  </Entry>
  <Entry>
    <Path>src\bzip2\CVS\Repository</Path>
    <Hash Type="sha1">39628953B7C0290686D5E8A40836F4D0021DB874</Hash>
  </Entry>
  <Entry>
    <Path>src\bzip2\CVS\Root</Path>
    <Hash Type="sha1">187A711BD593B07C1C1486C66CD80F22B710E8CD</Hash>
  </Entry>
  <Entry>
    <Path>sdk\api_tare.txt</Path>
    <Hash Type="sha1">0ECE5E1AF2D48FB28E4BBABF3959F004B8598708</Hash>
  </Entry>
  <Entry>
    <Path>sdk\cmd_tare.txt</Path>
    <Hash Type="sha1">41F01191802620E77EC5165846AA1E12F6AB67CB</Hash>
  </Entry>
  <Entry>
    <Path>sdk\Tar_api.txt</Path>
    <Hash Type="sha1">774995370B982E4DF3431A94EFD8525DB9A94353</Hash>
  </Entry>
  <Entry>
    <Path>sdk\Tar_cmd.txt</Path>
    <Hash Type="sha1">59F9C212A31691993987FB663FDBF4AB649A8089</Hash>
  </Entry>
  <Entry>
    <Path>sdk\TAR_FMT.TXT</Path>
    <Hash Type="sha1">6DEFEB54A557C16C00FFC2AA18810FDB45DBAC56</Hash>
  </Entry>
  <Entry>
    <Path>sdk\CVS\Entries</Path>
    <Hash Type="sha1">D13DCEF9EB16044304D7B55A054688A7B7B4735F</Hash>
  </Entry>
  <Entry>
    <Path>sdk\CVS\Repository</Path>
    <Hash Type="sha1">C3E61D2EA8F92F25E48079B43E1E881B54D2032F</Hash>
  </Entry>
  <Entry>
    <Path>sdk\CVS\Root</Path>
    <Hash Type="sha1">187A711BD593B07C1C1486C66CD80F22B710E8CD</Hash>
  </Entry>
  <Entry>
    <Path>html\archivers.gif</Path>
    <Hash Type="sha1">1461628F01AB07720B7CF6550880D82CB9120152</Hash>
  </Entry>
  <Entry>
    <Path>html\index-e.html</Path>
    <Hash Type="sha1">4E3226FF1945EE8E938ECD57E27515A293703892</Hash>
  </Entry>
  <Entry>
    <Path>html\index.html</Path>
    <Hash Type="sha1">A5B383C9E3BC8B0D2E6459B567BB9B7B4537D09A</Hash>
  </Entry>
  <Entry>
    <Path>html\LICENSE-bzip2.txt</Path>
    <Hash Type="sha1">10B86B6EBAB82CECE4A0796E285BE37CCE6F3441</Hash>
  </Entry>
  <Entry>
    <Path>html\CVS\Entries</Path>
    <Hash Type="sha1">9457A98B71FD86B7CFF779883E46CBF763623B46</Hash>
  </Entry>
  <Entry>
    <Path>html\CVS\Repository</Path>
    <Hash Type="sha1">4D1B90985F1C5D7D0D91A85AD7279E093776169B</Hash>
  </Entry>
  <Entry>
    <Path>html\CVS\Root</Path>
    <Hash Type="sha1">187A711BD593B07C1C1486C66CD80F22B710E8CD</Hash>
  </Entry>
  <Entry>
    <Path>CVS\Entries</Path>
    <Hash Type="sha1">7BF6865311D1EDFA90AB704F3407EBC78CF67913</Hash>
  </Entry>
  <Entry>
    <Path>CVS\Entries.Log</Path>
    <Hash Type="sha1">5A9D8074B9442A5E40A044A746AB37E54B6B1E1C</Hash>
  </Entry>
  <Entry>
    <Path>CVS\Repository</Path>
    <Hash Type="sha1">27B9724797A4B69F266AB1A122EEC8A67D343677</Hash>
  </Entry>
  <Entry>
    <Path>CVS\Root</Path>
    <Hash Type="sha1">187A711BD593B07C1C1486C66CD80F22B710E8CD</Hash>
  </Entry>
</InstalledFileList>