<?xml version="1.0"?>
<InstalledPackage xmlns:xsi="http://www.w3.org/2001/XMLSchema-instance" xmlns:xsd="http://www.w3.org/2001/XMLSchema">
  <Name>7-ZIP32.DLL</Name>
  <Version>9.20.00.02</Version>
  <Summary>.7zと.zipファイルの圧縮／展開ライブラリ</Summary>
  <Url Href="http://www.madobe.net/archiver/lib/7-zip32.html" />
  <Type>archive</Type>
  <ArchivedInstaller>false</ArchivedInstaller>
  <System32CopyFiles>*.dll</System32CopyFiles>
  <Installer>
    <Platform Arch="X86" />
    <Url Href="http://homepage3.nifty.com/csdinc/archiver/lib/7z920002.zip" />
    <Hash Type="size">453792</Hash>
    <Hash Type="md5">1bb57279a9f492c1f9e3d7d74e60be56</Hash>
    <Hash Type="sha256">93438d794ad2b56779b8dff91700613fc34de9e08145637b604a4acfd8c887e2</Hash>
  </Installer>
  <Requires xsi:nil="true" />
  <Conflicts xsi:nil="true" />
  <Tags>dll archiver 7zip アーカイバDLL</Tags>
  <License>LGPL</License>
  <PackageListName>AppliStation Network</PackageListName>
  <UninstallInfo>
    <DisplayName>7-ZIP32.DLL</DisplayName>
    <DisplayVersion>9.20.00.02</DisplayVersion>
    <UninstallString>archive-inst -x "7-ZIP32.DLL"</UninstallString>
    <URLInfoAbout>http://www.madobe.net/archiver/lib/7-zip32.html</URLInfoAbout>
    <CanModify>false</CanModify>
    <CanRepair>false</CanRepair>
    <CanRemove>true</CanRemove>
    <IsSystemComponent>false</IsSystemComponent>
    <IsOSPatch>false</IsOSPatch>
    <WindowsInstaller>false</WindowsInstaller>
    <InstallLocation>C:\work\all-get\progs\7-ZIP32.DLL</InstallLocation>
    <EstimatedSize>882</EstimatedSize>
    <InstallDate>20111218</InstallDate>
  </UninstallInfo>
</InstalledPackage>