<?xml version="1.0"?>
<InstalledFileList xmlns:xsi="http://www.w3.org/2001/XMLSchema-instance" xmlns:xsd="http://www.w3.org/2001/XMLSchema">
  <Entry>
    <Path>7-zip32.dll</Path>
    <Hash Type="sha1">66B9328825D673DEF7CD864519B0EECA538CB430</Hash>
  </Entry>
  <Entry>
    <Path>7-zip32.h</Path>
    <Hash Type="sha1">160133CC8C30C659C95489863DC0820910CA5505</Hash>
  </Entry>
  <Entry>
    <Path>7-zip32.lib</Path>
    <Hash Type="sha1">91A87C0D7B5F4E582EC29EB734EBC27633CE3B49</Hash>
  </Entry>
  <Entry>
    <Path>7-zip32.txt</Path>
    <Hash Type="sha1">B23DDC0C3D8C5BE271AD22F3E967C28AE525E388</Hash>
  </Entry>
  <Entry>
    <Path>7-zipAPI.txt</Path>
    <Hash Type="sha1">2A1FB572164A3AA182BF0FD41DF0D012B04606AF</Hash>
  </Entry>
  <Entry>
    <Path>7-zipCMD.txt</Path>
    <Hash Type="sha1">EF6CDB4DA76058A0F4BF0FAFAA632CCFCB214596</Hash>
  </Entry>
  <Entry>
    <Path>copying.txt</Path>
    <Hash Type="sha1">F4DC0C3B183066767E8EE4B2DF64BA2B67287B13</Hash>
  </Entry>
  <Entry>
    <Path>src.7z</Path>
    <Hash Type="sha1">75F6FF0E22BCB5674CB84B7E885A01FBC1A743DF</Hash>
  </Entry>
</InstalledFileList>