﻿<?xml version="1.0"?>
<InstalledPackage xmlns:xsi="http://www.w3.org/2001/XMLSchema-instance" xmlns:xsd="http://www.w3.org/2001/XMLSchema">
  <Name>AppliStation</Name>
  <Version>1.4.2</Version>
  <Summary>ソフトウェアのダウンロード・インストール・アップデートなどの作業を自動化するソフトウェア管理システム</Summary>
  <Url Href="http://applistation.com/" />
  <Type>archive</Type>
  <ArchivedInstaller>false</ArchivedInstaller>
  <Installer>
    <Platform Arch="None" Os="WIN2K,WINXP,WIN2003,VISTA,WIN7" />
    <Url Href="http://sourceforge.jp/frs/redir.php?f=%2Fapplistation%2F57093%2FAppliStation-1.4.2-minimum.zip" />
  </Installer>
  <Requires xsi:nil="true" />
  <Conflicts xsi:nil="true" />
  <Tags>インストール IPA未踏ユース</Tags>
  <License>GPLv3</License>
  <PackageListName>AppliStation Network</PackageListName>
  <UninstallInfo>
    <DisplayName>AppliStation</DisplayName>
    <DisplayVersion>1.4.2</DisplayVersion>
    <UninstallString>archive-inst -x "AppliStation"</UninstallString>
    <URLInfoAbout>http://applistation.com/</URLInfoAbout>
    <CanModify>false</CanModify>
    <CanRepair>false</CanRepair>
    <CanRemove>true</CanRemove>
    <IsSystemComponent>false</IsSystemComponent>
    <IsOSPatch>false</IsOSPatch>
    <WindowsInstaller>false</WindowsInstaller>
    <EstimatedSize>0</EstimatedSize>
  </UninstallInfo>
</InstalledPackage>
